<?xml version="1.0" encoding="UTF-8"?>
<jobs xmlns="http://www.demandware.com/xml/impex/jobs/2015-07-01">
    <job job-id="ForterOrderUpdate" priority="0">
        <description/>
        <parameters/>
        <flow>
            <context site-id="SiteGenesis"/>
            <step step-id="ForterOrderUpdate" type="ExecuteScriptModule" enforce-restart="false">
                <description/>
                <parameters>
                    <parameter name="ExecuteScriptModule.Module">int_forter/cartridge/scripts/jobs/ForterOrderUpdate.js</parameter>
                    <parameter name="ExecuteScriptModule.FunctionName">ProcessOrders</parameter>
                    <parameter name="ExecuteScriptModule.Transactional">false</parameter>
                </parameters>
            </step>
        </flow>
        <rules/>
        <triggers>
            <run-recurring enabled="true">
                <recurrence>
                    <date-from>2018-04-13Z</date-from>
                    <start-time>14:40:07.000Z</start-time>
                    <interval>5m</interval>
                    <day-of-week>
                        <weekday>Thursday</weekday>
                        <weekday>Sunday</weekday>
                        <weekday>Wednesday</weekday>
                        <weekday>Saturday</weekday>
                        <weekday>Monday</weekday>
                        <weekday>Friday</weekday>
                        <weekday>Tuesday</weekday>
                    </day-of-week>
                </recurrence>
            </run-recurring>
        </triggers>
    </job>

    <job job-id="ForterOrderUpdateSFRA" priority="0">
        <description/>
        <parameters/>
        <flow>
            <context site-id="RefArch"/>
            <step step-id="ForterOrderUpdateSFRA" type="ExecuteScriptModule" enforce-restart="false">
                <description/>
                <parameters>
                    <parameter name="ExecuteScriptModule.Module">int_forter_sfra/cartridge/scripts/jobs/forterOrderUpdate.js</parameter>
                    <parameter name="ExecuteScriptModule.FunctionName">ProcessOrders</parameter>
                    <parameter name="ExecuteScriptModule.Transactional">false</parameter>
                </parameters>
            </step>
        </flow>
        <rules/>
        <triggers>
            <run-recurring enabled="true">
                <recurrence>
                    <date-from>2018-04-13Z</date-from>
                    <start-time>14:39:38.000Z</start-time>
                    <interval>5m</interval>
                    <day-of-week>
                        <weekday>Thursday</weekday>
                        <weekday>Sunday</weekday>
                        <weekday>Wednesday</weekday>
                        <weekday>Saturday</weekday>
                        <weekday>Monday</weekday>
                        <weekday>Friday</weekday>
                        <weekday>Tuesday</weekday>
                    </day-of-week>
                </recurrence>
            </run-recurring>
        </triggers>
    </job>

</jobs>
